from,to
https://targz.fr/renault-the-originals,http://julien.terraz.org/work/renault-the-originals/
https://targz.fr/to-by-lipton,http://julien.terraz.org/work/T.O.-by-Lipton/
https://targz.fr/nismo-designer,http://julien.terraz.org/work/nismo-designer/
https://targz.fr/nissan-rooftopping,http://julien.terraz.org/work/nissan-rooftopping/
https://targz.fr/nissan-juke-stage-3d,http://julien.terraz.org/work/nissan-juke-stage-3D/
https://targz.fr/la-poste-ces-2017,http://julien.terraz.org/work/La-Poste-CES-2017/
https://targz.fr/dior-eyes,http://julien.terraz.org/work/dior-eyes-2/
https://targz.fr/works, https://targz.fr/
https://targz.fr/ruinart-anamorphosis,http://julien.terraz.org/work/ruinart-anamorphosis/
https://targz.fr/nissan-booster,http://julien.terraz.org/work/nissan-booster/
https://targz.fr/wonderbra-decoder,http://julien.terraz.org/work/wonderbra-decoder/
https://targz.fr/practice,http://julien.terraz.org/
yes we are redirecting to