Redirect from,Redirect to
/blogs/targz-pen-plotter-portfolio/a-duet-of-gold-and-red,https://targz.fr/portfolio/2023/07/15/a-duet-of-gold-and-red.html
/blogs/targz-pen-plotter-portfolio/amoeba,https://targz.fr/portfolio/2023/12/17/amoeba.html
/blogs/targz-pen-plotter-portfolio/blended-squares-n-16,https://targz.fr/portfolio/2021/11/07/blended-squares-n-16.html
/blogs/targz-pen-plotter-portfolio/blended-squares-n-17,https://targz.fr/portfolio/2021/08/15/blended-squares-n-17.html
/blogs/targz-pen-plotter-portfolio/blended-squares-n-17-3-colors,https://targz.fr/portfolio/2022/02/01/blended-squares-n-17-3-colors.html
/blogs/targz-pen-plotter-portfolio/blended-squares-n-17-pink-green,https://targz.fr/portfolio/2021/10/02/blended-squares-n-17-pink-green.html
/blogs/targz-pen-plotter-portfolio/blended-squares-n-19,https://targz.fr/portfolio/2021/08/15/blended-squares-n-19.html
/blogs/targz-pen-plotter-portfolio/blended-squares-n-2,https://targz.fr/portfolio/2021/07/01/blended-squares-n-2.html
/blogs/targz-pen-plotter-portfolio/blended-squares-n-20,https://targz.fr/portfolio/2021/11/07/blended-squares-n-20.html
/blogs/targz-pen-plotter-portfolio/blended-squares-n-20-gold,https://targz.fr/portfolio/2022/07/03/blended-squares-n-20-gold.html
/blogs/targz-pen-plotter-portfolio/blended-squares-n-20b-pink-amp-gold,https://targz.fr/portfolio/2023/01/15/blended-squares-n-20b-pink-amp-gold.html
/blogs/targz-pen-plotter-portfolio/blended-squares-n-21,https://targz.fr/portfolio/2021/10/18/blended-squares-n-21.html
/blogs/targz-pen-plotter-portfolio/blended-squares-n-25,https://targz.fr/portfolio/2021/08/17/blended-squares-n-25.html
/blogs/targz-pen-plotter-portfolio/blended-squares-n-33,https://targz.fr/portfolio/2021/08/29/blended-squares-n-33.html
/blogs/targz-pen-plotter-portfolio/blended-squares-n-34,https://targz.fr/portfolio/2021/09/10/blended-squares-n-34.html
/blogs/targz-pen-plotter-portfolio/chromatic-interplay-n-1,https://targz.fr/portfolio/2023/03/04/chromatic-interplay-n-1.html
/blogs/targz-pen-plotter-portfolio/chromatic-interplay-n-6,https://targz.fr/portfolio/2023/04/29/chromatic-interplay-n-6.html
/blogs/targz-pen-plotter-portfolio/chromatic-interplay-n-6-half,https://targz.fr/portfolio/2023/05/01/chromatic-interplay-n-6-half.html
/blogs/targz-pen-plotter-portfolio/chromatic-nbsp-interplay-n-7,https://targz.fr/portfolio/2023/10/15/chromatic-nbsp-interplay-n-7.html
/blogs/targz-pen-plotter-portfolio/color-wheel-chaos,https://targz.fr/portfolio/2023/11/04/color-wheel-chaos.html
/blogs/targz-pen-plotter-portfolio/dye-with-me,https://targz.fr/portfolio/2025/02/08/dye-with-me.html
/blogs/targz-pen-plotter-portfolio/figure-eight-knot,https://targz.fr/portfolio/2024/04/27/figure-eight-knot.html
/blogs/targz-pen-plotter-portfolio/fused-duality,https://targz.fr/portfolio/2023/08/21/fused-duality.html
/blogs/targz-pen-plotter-portfolio/green-lagoon,https://targz.fr/portfolio/2024/03/24/green-lagoon.html
/blogs/targz-pen-plotter-portfolio/luminous-gradient-n-1,https://targz.fr/portfolio/2023/04/22/luminous-gradient-n-1.html
/blogs/targz-pen-plotter-portfolio/luminous-gradient-n-2,https://targz.fr/portfolio/2023/04/25/luminous-gradient-n-2.html
/blogs/targz-pen-plotter-portfolio/luminous-gradient-n-3,https://targz.fr/portfolio/2023/04/27/luminous-gradient-n-3.html
/blogs/targz-pen-plotter-portfolio/monochrome-moire-n-1,https://targz.fr/portfolio/2023/05/13/monochrome-moire-n-1.html
/blogs/targz-pen-plotter-portfolio/monochrome-moire-n-2,https://targz.fr/portfolio/2023/11/12/monochrome-moire-n-2.html
/blogs/targz-pen-plotter-portfolio/particle-asymmetry,https://targz.fr/portfolio/2024/03/13/particle-asymmetry.html
/blogs/targz-pen-plotter-portfolio/plasma-convection-canvas,https://targz.fr/portfolio/2024/06/15/plasma-convection-left.html
/blogs/targz-pen-plotter-portfolio/plasma-convection-center,https://targz.fr/portfolio/2024/06/15/plasma-convection-center.html
/blogs/targz-pen-plotter-portfolio/plasma-convection-right,https://targz.fr/portfolio/2024/06/15/plasma-convection-right.html
/blogs/targz-pen-plotter-portfolio/strikes,https://targz.fr/portfolio/2024/06/04/strikes.html
/blogs/targz-pen-plotter-portfolio/the-bitcoin-genesis,https://targz.fr/portfolio/2022/09/16/the-bitcoin-genesis.html
/blogs/targz-pen-plotter-portfolio/unexpected-patterns,https://targz.fr/portfolio/2023/09/30/unexpected-patterns.html
/blogs/targz-pen-plotter-portfolio/vinyl-impression-n-1,https://targz.fr/portfolio/2023/09/30/vinyl-impression-n-1.html
/blogs/targz-pen-plotter-portfolio/vinyl-impression-n-2,https://targz.fr/portfolio/2023/11/26/vinyl-impression-n-2.html
/blogs/targz-pen-plotter-portfolio/vinyl-impression-n-3,https://targz.fr/portfolio/2024/05/18/vinyl-impression-n-3.html
/blogs/targz-pen-plotter-portfolio/vive-la-france,https://targz.fr/portfolio/2023/07/14/vive-la-france.html
